{"cameraMode":{"drawMode":0,"name":"Shaded","section":"Shading Mode"},"sceneLighting":false,"audioPlay":false,"sceneViewState":{"m_AlwaysRefresh":false,"showFog":true,"showSkybox":false,"showFlares":true,"showImageEffects":true,"showParticleSystems":true,"showVisualEffectGraphs":true,"m_FxEnabled":true},"in2DMode":false,"pivot":{"x":-6.380000114440918,"y":15.130001068115235,"z":-10.060001373291016},"rotation":{"x":-0.40596863627433779,"y":0.016957266256213189,"z":-0.005025277379900217,"w":-0.9140938520431519},"size":12.124356269836426,"orthographic":false}